Id,class_0,class_1
00eed32682bb,0.68919973,0.3108002722263336
010ebe33f668,0.68919973,0.3108002722263336
02fa521e1838,0.68919973,0.3108002722263336
040e15f562a2,0.68919973,0.3108002722263336
046e85c7cc7f,0.68919973,0.3108002722263336
