Id,class_0,class_1
00eed32682bb,0.6743997,0.32560030221939085
010ebe33f668,0.6743997,0.32560030221939085
02fa521e1838,0.6743997,0.32560030221939085
040e15f562a2,0.6743997,0.32560030221939085
046e85c7cc7f,0.6743997,0.32560030221939085
